{
	"__comment": "Designed by MickeyJoeAlpha, the resident Inuit and Sphax with Cubik for PureBDcraft - http://bdcraft.net",
	"parent": "block/block",
	"textures": {
		"particle": "block/ladder",
		"texture": "block/ladder"
	},
	"elements": [
		{
			"__comment": "step1*",
			"from": [ 1, 1.75, 14.5 ],
			"to": [ 15, 3.75, 15.5 ],
			"faces": {
				"down": { "uv": [ 0, 12.5, 14, 14.5 ], "texture": "#texture" },
				"up": { "uv": [ 0, 12.5, 14, 14.5 ], "texture": "#texture" },
				"north": { "uv": [ 0, 12.5, 14, 14.5 ], "texture": "#texture" },
				"south": { "uv": [ 0, 12.5, 14, 14.5 ], "texture": "#texture" },
				"west": { "uv": [ 14, 12.5, 16, 14.5 ], "texture": "#texture" },
				"east": { "uv": [ 14, 12.5, 16, 14.5 ], "texture": "#texture" }
			}
		},
		{
			"__comment": "step1*",
			"from": [ 9, 7, 14.5 ],
			"to": [ 15, 9, 15.5 ],
			"faces": {
				"down": { "uv": [ 4, 10, 10, 12 ], "texture": "#texture" },
				"up": { "uv": [ 4, 10, 10, 12 ], "texture": "#texture" },
				"north": { "uv": [ 4, 10, 10, 12 ], "texture": "#texture" },
				"south": { "uv": [ 4, 10, 10, 12 ], "texture": "#texture" },
				"west": { "uv": [ 14.25, 7.25, 16, 9 ], "texture": "#texture" },
				"east": { "uv": [ 14.25, 7.25, 16, 9.25 ], "texture": "#texture" }
			}
		},
		{
			"__comment": "step1",
			"from": [ 1, 12.25, 14.5 ],
			"to": [ 15, 14.25, 15.5 ],
			"faces": {
				"down": { "uv": [ 0, 2, 14, 4 ], "texture": "#texture" },
				"up": { "uv": [ 0, 2, 14, 4 ], "texture": "#texture" },
				"north": { "uv": [ 0, 2, 14, 4 ], "texture": "#texture" },
				"south": { "uv": [ 0, 2, 14, 4 ], "texture": "#texture" },
				"west": { "uv": [ 14, 2, 16, 4 ], "texture": "#texture" },
				"east": { "uv": [ 14, 2, 16, 4 ], "texture": "#texture" }
			}
		},
		{
			"__comment": "borderL",
			"from": [ 12, 0, 15 ],
			"to": [ 14, 16, 16 ],
			"faces": {
				"down": { "uv": [ 14, 12.5, 16, 11.5 ], "texture": "#texture" },
				"up": { "uv": [ 14, 11.5, 16, 12.5 ], "texture": "#texture" },
				"north": { "uv": [ 14, 0, 16, 16 ], "texture": "#texture" },
				"south": { "uv": [ 14, 0, 16, 16 ], "texture": "#texture" },
				"west": { "uv": [ 14, 0, 16, 16 ], "texture": "#texture" },
				"east": { "uv": [ 14, 0, 16, 16 ], "texture": "#texture" }
			}
		},
		{
			"__comment": "borderR",
			"from": [ 2, 0, 15 ],
			"to": [ 4, 16, 16 ],
			"faces": {
				"down": { "uv": [ 14, 12.5, 16, 11.5 ], "texture": "#texture" },
				"up": { "uv": [ 14, 11.5, 16, 12.5 ], "texture": "#texture" },
				"north": { "uv": [ 14, 0, 16, 16 ], "texture": "#texture" },
				"south": { "uv": [ 14, 0, 16, 16 ], "texture": "#texture" },
				"west": { "uv": [ 16, 0, 14, 16 ], "texture": "#texture" },
				"east": { "uv": [ 16, 0, 14, 16 ], "texture": "#texture" }
			}
		},
		{
			"__comment": "Element",
			"from": [ 1.5, 10.75, 14.3125 ],
			"to": [ 2, 14.25, 15.5625 ],
			"rotation": { "origin": [ 1.5, 14.25, 14.3125 ], "axis": "z", "angle": 45 },
			"faces": {
				"down": { "uv": [ 4, 5, 9, 6 ], "texture": "#texture", "rotation": 90 },
				"up": { "uv": [ 4, 5, 9, 6 ], "texture": "#texture", "rotation": 90 },
				"north": { "uv": [ 9, 5, 4, 6 ], "texture": "#texture", "rotation": 270 },
				"south": { "uv": [ 4, 5, 9, 6 ], "texture": "#texture", "rotation": 90 },
				"west": { "uv": [ 4, 5, 9, 6 ], "texture": "#texture" },
				"east": { "uv": [ 4, 5, 9, 6 ], "texture": "#texture" }
			}
		},
		{
			"__comment": "Element",
			"from": [ 4.0625, 11.125, 14.375 ],
			"to": [ 4.5625, 14.625, 15.625 ],
			"rotation": { "origin": [ 4.0625, 14.625, 14.375 ], "axis": "z", "angle": -45 },
			"faces": {
				"down": { "uv": [ 4, 5, 9, 6 ], "texture": "#texture", "rotation": 270 },
				"up": { "uv": [ 4, 5, 9, 6 ], "texture": "#texture", "rotation": 270 },
				"north": { "uv": [ 4, 5, 9, 6 ], "texture": "#texture", "rotation": 90 },
				"south": { "uv": [ 4, 5, 9, 6 ], "texture": "#texture", "rotation": 270 },
				"west": { "uv": [ 4, 5, 9, 6 ], "texture": "#texture" },
				"east": { "uv": [ 4, 5, 9, 6 ], "texture": "#texture" }
			}
		},
		{
			"__comment": "Element",
			"from": [ 13.9749, 11.25, 14.375 ],
			"to": [ 14.4749, 14.75, 15.625 ],
			"rotation": { "origin": [ 13.9749, 14.75, 14.375 ], "axis": "z", "angle": -45 },
			"faces": {
				"down": { "uv": [ 4, 5, 9, 6 ], "texture": "#texture", "rotation": 270 },
				"up": { "uv": [ 4, 5, 9, 6 ], "texture": "#texture", "rotation": 270 },
				"north": { "uv": [ 4, 5, 9, 6 ], "texture": "#texture", "rotation": 90 },
				"south": { "uv": [ 4, 5, 9, 6 ], "texture": "#texture", "rotation": 270 },
				"west": { "uv": [ 4, 5, 9, 6 ], "texture": "#texture" },
				"east": { "uv": [ 4, 5, 9, 6 ], "texture": "#texture" }
			}
		},
		{
			"__comment": "Element",
			"from": [ 11.5625, 10.8125, 14.3125 ],
			"to": [ 12.0625, 14.3125, 15.5625 ],
			"rotation": { "origin": [ 11.5625, 14.3125, 14.3125 ], "axis": "z", "angle": 45 },
			"faces": {
				"down": { "uv": [ 4, 5, 9, 6 ], "texture": "#texture", "rotation": 90 },
				"up": { "uv": [ 4, 5, 9, 6 ], "texture": "#texture", "rotation": 90 },
				"north": { "uv": [ 9, 5, 4, 6 ], "texture": "#texture", "rotation": 270 },
				"south": { "uv": [ 4, 5, 9, 6 ], "texture": "#texture", "rotation": 90 },
				"west": { "uv": [ 4, 5, 9, 6 ], "texture": "#texture" },
				"east": { "uv": [ 4, 5, 9, 6 ], "texture": "#texture" }
			}
		},
		{
			"__comment": "Element",
			"from": [ 4.125, 5.875, 14.375 ],
			"to": [ 4.625, 9.375, 15.625 ],
			"rotation": { "origin": [ 4.125, 9.375, 14.375 ], "axis": "z", "angle": -45 },
			"faces": {
				"down": { "uv": [ 4, 5, 9, 6 ], "texture": "#texture", "rotation": 270 },
				"up": { "uv": [ 4, 5, 9, 6 ], "texture": "#texture", "rotation": 270 },
				"north": { "uv": [ 4, 5, 9, 6 ], "texture": "#texture", "rotation": 90 },
				"south": { "uv": [ 4, 5, 9, 6 ], "texture": "#texture", "rotation": 270 },
				"west": { "uv": [ 4, 5, 9, 6 ], "texture": "#texture" },
				"east": { "uv": [ 4, 5, 9, 6 ], "texture": "#texture" }
			}
		},
		{
			"__comment": "Element",
			"from": [ 1.625, 5.5, 14.3125 ],
			"to": [ 2.125, 9, 15.5625 ],
			"rotation": { "origin": [ 1.625, 9, 14.3125 ], "axis": "z", "angle": 45 },
			"faces": {
				"down": { "uv": [ 4, 5, 9, 6 ], "texture": "#texture", "rotation": 90 },
				"up": { "uv": [ 4, 5, 9, 6 ], "texture": "#texture", "rotation": 90 },
				"north": { "uv": [ 9, 5, 4, 6 ], "texture": "#texture", "rotation": 270 },
				"south": { "uv": [ 4, 5, 9, 6 ], "texture": "#texture", "rotation": 90 },
				"west": { "uv": [ 4, 5, 9, 6 ], "texture": "#texture" },
				"east": { "uv": [ 4, 5, 9, 6 ], "texture": "#texture" }
			}
		},
		{
			"__comment": "Element",
			"from": [ 14.0625, 5.875, 14.3125 ],
			"to": [ 14.5625, 9.375, 15.5625 ],
			"rotation": { "origin": [ 14.0625, 9.375, 14.3125 ], "axis": "z", "angle": -45 },
			"faces": {
				"down": { "uv": [ 4, 5, 9, 6 ], "texture": "#texture", "rotation": 270 },
				"up": { "uv": [ 4, 5, 9, 6 ], "texture": "#texture", "rotation": 270 },
				"north": { "uv": [ 4, 5, 9, 6 ], "texture": "#texture", "rotation": 90 },
				"south": { "uv": [ 4, 5, 9, 6 ], "texture": "#texture", "rotation": 270 },
				"west": { "uv": [ 4, 5, 9, 6 ], "texture": "#texture" },
				"east": { "uv": [ 4, 5, 9, 6 ], "texture": "#texture" }
			}
		},
		{
			"__comment": "Element",
			"from": [ 11.5625, 5.5625, 14.375 ],
			"to": [ 12.0625, 9.0625, 15.625 ],
			"rotation": { "origin": [ 11.5625, 9.0625, 14.375 ], "axis": "z", "angle": 45 },
			"faces": {
				"down": { "uv": [ 4, 5, 9, 6 ], "texture": "#texture", "rotation": 90 },
				"up": { "uv": [ 4, 5, 9, 6 ], "texture": "#texture", "rotation": 90 },
				"north": { "uv": [ 9, 5, 4, 6 ], "texture": "#texture", "rotation": 270 },
				"south": { "uv": [ 4, 5, 9, 6 ], "texture": "#texture", "rotation": 90 },
				"west": { "uv": [ 4, 5, 9, 6 ], "texture": "#texture" },
				"east": { "uv": [ 4, 5, 9, 6 ], "texture": "#texture" }
			}
		},
		{
			"__comment": "Element",
			"from": [ 4.125, 0.75, 14.3125 ],
			"to": [ 4.625, 4.25, 15.5625 ],
			"rotation": { "origin": [ 4.125, 4.25, 14.3125 ], "axis": "z", "angle": -45 },
			"faces": {
				"down": { "uv": [ 4, 5, 9, 6 ], "texture": "#texture", "rotation": 270 },
				"up": { "uv": [ 4, 5, 9, 6 ], "texture": "#texture", "rotation": 270 },
				"north": { "uv": [ 4, 5, 9, 6 ], "texture": "#texture", "rotation": 90 },
				"south": { "uv": [ 4, 5, 9, 6 ], "texture": "#texture", "rotation": 270 },
				"west": { "uv": [ 4, 5, 9, 6 ], "texture": "#texture" },
				"east": { "uv": [ 4, 5, 9, 6 ], "texture": "#texture" }
			}
		},
		{
			"__comment": "Element",
			"from": [ 1.625, 0.3125, 14.375 ],
			"to": [ 2.125, 3.8125, 15.625 ],
			"rotation": { "origin": [ 1.625, 3.8125, 14.375 ], "axis": "z", "angle": 45 },
			"faces": {
				"down": { "uv": [ 4, 5, 9, 6 ], "texture": "#texture", "rotation": 90 },
				"up": { "uv": [ 4, 5, 9, 6 ], "texture": "#texture", "rotation": 90 },
				"north": { "uv": [ 9, 5, 4, 6 ], "texture": "#texture", "rotation": 270 },
				"south": { "uv": [ 4, 5, 9, 6 ], "texture": "#texture", "rotation": 90 },
				"west": { "uv": [ 4, 5, 9, 6 ], "texture": "#texture" },
				"east": { "uv": [ 4, 5, 9, 6 ], "texture": "#texture" }
			}
		},
		{
			"__comment": "Element",
			"from": [ 14.125, 0.625, 14.375 ],
			"to": [ 14.625, 4.125, 15.625 ],
			"rotation": { "origin": [ 14.125, 4.125, 14.375 ], "axis": "z", "angle": -45 },
			"faces": {
				"down": { "uv": [ 4, 5, 9, 6 ], "texture": "#texture", "rotation": 270 },
				"up": { "uv": [ 4, 5, 9, 6 ], "texture": "#texture", "rotation": 270 },
				"north": { "uv": [ 4, 5, 9, 6 ], "texture": "#texture", "rotation": 90 },
				"south": { "uv": [ 4, 5, 9, 6 ], "texture": "#texture", "rotation": 270 },
				"west": { "uv": [ 4, 5, 9, 6 ], "texture": "#texture" },
				"east": { "uv": [ 4, 5, 9, 6 ], "texture": "#texture" }
			}
		},
		{
			"__comment": "Element",
			"from": [ 11.5625, 0.3125, 14.3125 ],
			"to": [ 12.0625, 3.8125, 15.5625 ],
			"rotation": { "origin": [ 11.5625, 3.8125, 14.3125 ], "axis": "z", "angle": 45 },
			"faces": {
				"down": { "uv": [ 4, 5, 9, 6 ], "texture": "#texture", "rotation": 90 },
				"up": { "uv": [ 4, 5, 9, 6 ], "texture": "#texture", "rotation": 90 },
				"north": { "uv": [ 9, 5, 4, 6 ], "texture": "#texture", "rotation": 270 },
				"south": { "uv": [ 4, 5, 9, 6 ], "texture": "#texture", "rotation": 90 },
				"west": { "uv": [ 4, 5, 9, 6 ], "texture": "#texture" },
				"east": { "uv": [ 4, 5, 9, 6 ], "texture": "#texture" }
			}
		},
		{
			"__comment": "step1*",
			"from": [ 1, 7, 14.5 ],
			"to": [ 7, 9, 15.5 ],
			"faces": {
				"down": { "uv": [ 4, 10, 10, 12 ], "texture": "#texture" },
				"up": { "uv": [ 4, 10, 10, 12 ], "texture": "#texture" },
				"north": { "uv": [ 4, 10, 10, 12 ], "texture": "#texture" },
				"south": { "uv": [ 4, 10, 10, 12 ], "texture": "#texture" },
				"west": { "uv": [ 14.25, 7.25, 16, 9 ], "texture": "#texture" },
				"east": { "uv": [ 14.25, 7.25, 16, 9.25 ], "texture": "#texture" }
			}
		}
	]
}