{
"textures": {
    "particle": "#plank",
    "plank": "#plank"
},
"elements": [ 
{
    "__comment": "StepTopPlank",
    "from": [ 8, 8, 1 ],
    "to": [ 15, 16, 15 ],
    "faces": {
        "west":  { "uv": [ 15, 8, 1, 16 ], "texture": "#plank" }
    }
},
{
    "__comment": "StepTopPlankEdges",
    "from": [ 8, 8, 0 ],
    "to": [ 15, 16, 16 ],
    "faces": {
        "north": { "uv": [ 15, 8, 8, 16 ], "texture": "#plank", "cullface": "north" },
        "south": { "uv": [ 8, 8, 1, 16 ], "texture": "#plank", "cullface": "south" }
    }
},
{
    "__comment": "StepBottomPlankEdgesWest",
    "from": [ 1, 0, 0 ],
    "to": [ 8, 8, 8 ],
    "faces": {
        "down":  { "uv": [ 15, 0, 8, 8 ], "texture": "#plank", "cullface": "down" },
        "up":    { "uv": [ 15, 8, 8, 16 ], "texture": "#plank" },
        "north": { "uv": [ 8, 0, 1, 8 ], "texture": "#plank", "cullface": "north" }
    }
},
{
    "__comment": "BottomPlankWE",
    "from": [ 0, 0, 1 ],
    "to": [ 16, 8, 15 ],
    "faces": {
        "west":  { "uv": [ 15, 0, 1, 8 ], "texture": "#plank", "cullface": "west" },
        "east":  { "uv": [ 15, 0, 1, 8 ], "texture": "#plank", "cullface": "east" }
    }
},
{
    "__comment": "StepTopPlankEdgeN",
    "from": [ 15, 8, 1 ],
    "to": [ 16, 16, 15 ],
    "faces": {
        "east":  { "uv": [ 15, 8, 1, 16 ], "texture": "#plank", "cullface": "east" }
    }
},
{
    "__comment": "StepTopPlankTopBottom",
    "from": [ 8, 0, 0 ],
    "to": [ 15, 16, 8 ],
    "faces": {
        "down":  { "uv": [ 8, 0, 1, 8 ], "texture": "#plank", "cullface": "down" },
        "up":    { "uv": [ 8, 8, 1, 16 ], "texture": "#plank", "cullface": "up" }
    }
},
{
    "__comment": "StepBottomPlankEdges",
    "from": [ 8, 0, 0 ],
    "to": [ 15, 8, 16 ],
    "faces": {
        "north": { "uv": [ 15, 0, 8, 8 ], "texture": "#plank", "cullface": "north" },
        "south": { "uv": [ 8, 0, 1, 8 ], "texture": "#plank", "cullface": "south" }
    }
},
{
    "__comment": "StepTopPlankTopBottom*",
    "from": [ 8, 0, 8 ],
    "to": [ 15, 16, 16 ],
    "faces": {
        "down":  { "uv": [ 8, 8, 1, 16 ], "texture": "#plank", "cullface": "down" },
        "up":    { "uv": [ 8, 0, 1, 8 ], "texture": "#plank", "cullface": "up" }
    }
},
{
    "__comment": "StepBottomPlankEdgesWest*",
    "from": [ 1, 0, 8 ],
    "to": [ 8, 8, 16 ],
    "faces": {
        "down":  { "uv": [ 15, 8, 8, 16 ], "texture": "#plank", "cullface": "down" },
        "up":    { "uv": [ 15, 0, 8, 8 ], "texture": "#plank" },
        "south": { "uv": [ 15, 0, 8, 8 ], "texture": "#plank", "cullface": "south" }
    }
}
]
}