{
	"multipart": [
		{	"when": { "type": "bottom" },
			"apply": { "model": "block/_bdc/plank/cherry/slab_cherry_lower_edges" }
		},
		{	"when": { "type": "bottom" },
			"apply": [
				{ "model": "block/_bdc/plank/cherry/slab_cherry_lower_1" },
				{ "model": "block/_bdc/plank/cherry/slab_cherry_lower_2" },
				{ "model": "block/_bdc/plank/cherry/slab_cherry_lower_3" },
				{ "model": "block/_bdc/plank/cherry/slab_cherry_lower_4" },
				{ "model": "block/_bdc/plank/cherry/slab_cherry_lower_5" },
				{ "model": "block/_bdc/plank/cherry/slab_cherry_lower_6" },
				{ "model": "block/_bdc/plank/cherry/slab_cherry_lower_7" },
				{ "model": "block/_bdc/plank/cherry/slab_cherry_lower_8" }
			]
		},
		{	"when": { "type": "top" },
			"apply": { "model": "block/_bdc/plank/cherry/slab_cherry_upper_edges" }
		},
		{	"when": { "type": "top" },
			"apply": [
				{ "model": "block/_bdc/plank/cherry/slab_cherry_upper_1" },
				{ "model": "block/_bdc/plank/cherry/slab_cherry_upper_2" },
				{ "model": "block/_bdc/plank/cherry/slab_cherry_upper_3" },
				{ "model": "block/_bdc/plank/cherry/slab_cherry_upper_4" },
				{ "model": "block/_bdc/plank/cherry/slab_cherry_upper_5" },
				{ "model": "block/_bdc/plank/cherry/slab_cherry_upper_6" },
				{ "model": "block/_bdc/plank/cherry/slab_cherry_upper_7" },
				{ "model": "block/_bdc/plank/cherry/slab_cherry_upper_8" }
			]
		},
		{	"when": { "type": "double" },
			"apply": { "model": "block/_bdc/plank/cherry/planks_cherry_edges" }
		},
		{	"when": { "type": "double" },
			"apply": [
				{ "model": "block/_bdc/plank/cherry/planks_cherry_1" },
				{ "model": "block/_bdc/plank/cherry/planks_cherry_2" },
				{ "model": "block/_bdc/plank/cherry/planks_cherry_3" },
				{ "model": "block/_bdc/plank/cherry/planks_cherry_4" },
				{ "model": "block/_bdc/plank/cherry/planks_cherry_5" },
				{ "model": "block/_bdc/plank/cherry/planks_cherry_6" },
				{ "model": "block/_bdc/plank/cherry/planks_cherry_7" },
				{ "model": "block/_bdc/plank/cherry/planks_cherry_8" }
			]
		}
	]
}
