{
    "multipart": [
        {
            "apply": { "model": "block/_bdc/plank/pale_oak/planks_pale_oak_edges" }
        },
        {
            "apply": [
				{ "model": "block/_bdc/plank/pale_oak/planks_pale_oak_1" },
				{ "model": "block/_bdc/plank/pale_oak/planks_pale_oak_2" },
				{ "model": "block/_bdc/plank/pale_oak/planks_pale_oak_3" },
				{ "model": "block/_bdc/plank/pale_oak/planks_pale_oak_4" },
				{ "model": "block/_bdc/plank/pale_oak/planks_pale_oak_5" },
				{ "model": "block/_bdc/plank/pale_oak/planks_pale_oak_6" },
				{ "model": "block/_bdc/plank/pale_oak/planks_pale_oak_7" },
				{ "model": "block/_bdc/plank/pale_oak/planks_pale_oak_8" }
			]
        }
    ]
}
