{
	"multipart": [
		{	"when": { "type": "bottom" },
			"apply": { "model": "block/_bdc/plank/pale_oak/slab_pale_oak_lower_edges" }	
		},
		{	"when": { "type": "bottom" },
			"apply": [
				{ "model": "block/_bdc/plank/pale_oak/slab_pale_oak_lower_1" },
				{ "model": "block/_bdc/plank/pale_oak/slab_pale_oak_lower_2" },
				{ "model": "block/_bdc/plank/pale_oak/slab_pale_oak_lower_3" },
				{ "model": "block/_bdc/plank/pale_oak/slab_pale_oak_lower_4" },
				{ "model": "block/_bdc/plank/pale_oak/slab_pale_oak_lower_5" },
				{ "model": "block/_bdc/plank/pale_oak/slab_pale_oak_lower_6" },
				{ "model": "block/_bdc/plank/pale_oak/slab_pale_oak_lower_7" },
				{ "model": "block/_bdc/plank/pale_oak/slab_pale_oak_lower_8" }
			]
		},
		{	"when": { "type": "top" },
			"apply": { "model": "block/_bdc/plank/pale_oak/slab_pale_oak_upper_edges" }	
		},
		{	"when": { "type": "top" },
			"apply": [
				{ "model": "block/_bdc/plank/pale_oak/slab_pale_oak_upper_1" },
				{ "model": "block/_bdc/plank/pale_oak/slab_pale_oak_upper_2" },
				{ "model": "block/_bdc/plank/pale_oak/slab_pale_oak_upper_3" },
				{ "model": "block/_bdc/plank/pale_oak/slab_pale_oak_upper_4" },
				{ "model": "block/_bdc/plank/pale_oak/slab_pale_oak_upper_5" },
				{ "model": "block/_bdc/plank/pale_oak/slab_pale_oak_upper_6" },
				{ "model": "block/_bdc/plank/pale_oak/slab_pale_oak_upper_7" },
				{ "model": "block/_bdc/plank/pale_oak/slab_pale_oak_upper_8" }
			]
		},
		{	"when": { "type": "double" },
			"apply": { "model": "block/_bdc/plank/pale_oak/planks_pale_oak_edges" }
		},
		{	"when": { "type": "double" },
			"apply": [
				{ "model": "block/_bdc/plank/pale_oak/planks_pale_oak_1" },
				{ "model": "block/_bdc/plank/pale_oak/planks_pale_oak_2" },
				{ "model": "block/_bdc/plank/pale_oak/planks_pale_oak_3" },
				{ "model": "block/_bdc/plank/pale_oak/planks_pale_oak_4" },
				{ "model": "block/_bdc/plank/pale_oak/planks_pale_oak_5" },
				{ "model": "block/_bdc/plank/pale_oak/planks_pale_oak_6" },
				{ "model": "block/_bdc/plank/pale_oak/planks_pale_oak_7" },
				{ "model": "block/_bdc/plank/pale_oak/planks_pale_oak_8" }
			]
		}
	]
}
